idPerson,name
1,Carlos Perez
2,Maria Garcia
3,Juan Rodriguez
4,Ana Martinez
5,Luis Hernandez
6,Laura Lopez
7,Jorge Gonzalez
8,Sofia Ramirez
9,David Torres
10,Lucia Diaz
11,Miguel Flores
12,Carmen Rios
13,Jose Suarez
14,Fernanda Reyes
15,Antonio Castro
16,Patricia Delgado
17,Alejandro Mora
18,Andrea Vega
19,Pedro Gil
20,Isabel Medina
21,Manuel Ruiz
22,Daniela Ortiz
23,Santiago Chavez
24,Valentina Paredes
25,Ricardo Guzman
26,Cristina Carrillo
27,Julian Villalobos
28,Gabriela Marquez
29,Francisco Duarte
30,Angela Rivera
31,Carlos Fernandez
32,Mariana Vargas
33,Hector Meza
34,Adriana Luna
35,Raul Peña
36,Elsa Herrera
37,Oscar Serrano
38,Gloria Montes
39,Andres Campos
40,Paula Navarro
41,Felipe Nunez
42,Cecilia Morales
43,Martin Espinoza
44,Marisol Ponce
45,Esteban Acosta
46,Nancy Figueroa
47,Josefa Cruz
48,Rafael Bautista
49,Elsy Cabrera
50,Victor Santos
51,Irene Silva
52,Gustavo Soto
53,Karla Valencia
54,Fernando Beltran
55,Carmen Galindo
56,Edgar Villegas
57,Ivonne Torres
58,Mario Salazar
59,Rosa Serrano
60,Miguel Guerra
61,Eugenia Sosa
62,Javier Espitia
63,Sonia Guevara
64,Benjamin Carvajal
65,Laura Fuentes
66,Enrique Solis
67,Marta Cardona
68,Emilio Zambrano
69,Silvia Luna
70,Alejandro Olvera
71,Susana Mendez
72,Carlos Quintero
73,Mariana Blanco
74,Camilo Villanueva
75,Diana Ramos
76,Cristobal Ibanez
77,Claudia Navarro
78,Julio Muñoz
79,Pamela Aguirre
80,Luis Mejia
81,Vanessa Leon
82,Ruben Herrera
83,Angela Jimenez
84,Humberto Suarez
85,Sandra Arrieta
86,Emilia Sanchez
87,Cesar Paredes
88,Lorena Garzon
89,Gerardo Acuna
90,Rocio Torres
91,Ivan Sepulveda
92,Andrea Narvaez
93,Roberto Mendoza
94,Nicolas Amaya
95,Pilar Montes
96,Daniela Rojas
97,Alfonso Velasquez
98,Reina Lozano
99,Arturo Valle
100,Gabriela Rios
101,Gilberto Pena
102,Catalina Franco
103,Elias Ordoñez
104,Ana Alvarez
105,Esteban Miranda
106,Erika Perez
107,Andres Mendoza
108,Alma Romero
109,Claudio Maldonado
110,Daniel Cardenas
111,Luciana Cruz
112,Samuel Avila
113,Berta Benitez
114,Mauro Castro
115,Teresa Medina
116,Pedro Rincon
117,Luz Fonseca
118,Omar Hidalgo
119,Amparo Mejia
120,Raquel Ortiz
121,Juanita Medina
122,Alberto Vargas
123,Eva Hernandez
124,Ramon Montes
125,Nora Jimenez
126,Camila Delgado
127,Cristian Huertas
128,David Ponce
129,Jessica Perdomo
130,Federico Cardenas
131,Angela Osorio
132,Jaime Suarez
133,Marcela Parra
134,Orlando Ramos
135,Liliana Diaz
136,Arturo Arango
137,Paula Gonzalez
138,Edwin Cruz
139,Monica Vega
140,Germán León
141,Karina Miranda
142,Luis Peñalosa
143,Jorge Pacheco
144,Lorena Escobar
145,Joaquin Quiroz
146,Manuela Lobo
147,Ramiro Ulloa
148,Cesar Guevara
149,Sofia Nieto
150,Marcos Benitez
151,Elsa Cuellar
152,Francisco Pardo
153,Marcela Espitia
154,Yadira Lozano
155,Emmanuel Ortiz
156,Karla Rueda
157,Rodolfo Palacios
158,Blanca Nieto
159,Raul Aguirre
160,Liliana Rojas
161,Luciano Cardozo
162,Manuela Villamizar
163,Ernesto Espinosa
164,Yolanda Duarte
165,Osvaldo Campos
166,Luz Cantero
167,Angelica Hurtado
168,Gustavo Castillo
169,Lina Velasquez
170,Bernardo Valle
171,Irma Robles
172,Clara Herrera
173,Mateo Ordonez
174,Valeria Mendoza
175,Mario Ruiz
176,Elsa Parra
177,Gabriel Molina
178,Natalia Padilla
179,Julio Quintero
180,Rosario Villalobos
181,Diana Figueroa
